{"dot": [1.2552455856819593, 0.663091936155684, 0.5731138417569549, 0.5391383589946745, 0.5202705659111059], "cos": [0.652690111367505, 0.6001082033479859, 0.5891618542927539, 0.5864598220210141, 0.5854770050628844], "norm1": [5.394390407218754, 1.1943019000982547, 0.7957650364780671, 0.6922774650817622, 0.6576689781039637], "norm2": [1.2239796683464095, 0.671041606205583, 0.6138103363733259, 0.596916112362619, 0.5908950355464044], "norm3": [0.9096583325819916, 0.6328024563327845, 0.6009652964377404, 0.5907560774413425, 0.5866769824449689], "dot_clip-norm": [1.2498514164322116, 0.6619770744231545, 0.5728633099578886, 0.5392038788735978, 0.5204517658314515], "cos_clip-norm": [0.6521592897698086, 0.600040130917561, 0.5891487430452618, 0.5864582711882476, 0.5854762741697154], "norm1_clip-norm": [5.424572907765995, 1.1930944691995253, 0.7961137200729524, 0.6928527160573134, 0.6579582550143248], "norm2_clip-norm": [1.226211850233688, 0.6709422253308788, 0.613989713337729, 0.5970770939182641, 0.5909404841964535], "norm3_clip-norm": [0.9098608429125646, 0.6327543708715897, 0.6010604374393216, 0.5908211087430227, 0.5866632028068112]}